file,rows,columns,column_names
abilities.csv,94640,15,"O*NET-SOC Code, Title, Element ID, Element Name, Scale ID, Scale Name, Data Value, N, Standard Error, Lower CI Bound, Upper CI Bound, Recommend Suppress, Not Relevant, Date, Domain Source"
abilities_to_work_activities.csv,381,4,"Abilities Element ID, Abilities Element Name, Work Activities Element ID, Work Activities Element Name"
abilities_to_work_context.csv,139,4,"Abilities Element ID, Abilities Element Name, Work Context Element ID, Work Context Element Name"
career_interest_type_keywords.csv,75,4,"Element ID, Element Name, Keyword, Keyword Type"
career_interest_types.csv,8307,9,"O*NET-SOC Code, Title, Element ID, Element Name, Scale ID, Scale Name, Data Value, Date, Domain Source"
content_model_reference.csv,3006,3,"Element ID, Element Name, Description"
education.csv,11495,15,"O*NET-SOC Code, Title, Element ID, Element Name, Scale ID, Scale Name, Category, Data Value, N, Standard Error, Lower CI Bound, Upper CI Bound, Recommend Suppress, Date, Domain Source"
education_categories.csv,24,6,"Element ID, Element Name, Scale ID, Scale Name, Category, Category Description"
emerging_tasks.csv,338,8,"O*NET-SOC Code, Title, Task, Category, Original Task ID, Original Task, Date, Domain Source"
essential_skills.csv,18200,15,"O*NET-SOC Code, Title, Element ID, Element Name, Scale ID, Scale Name, Data Value, N, Standard Error, Lower CI Bound, Upper CI Bound, Recommend Suppress, Not Relevant, Date, Domain Source"
essential_skills_to_work_activities.csv,110,4,"Essential Skills Element ID, Essential Skills Element Name, Work Activities Element ID, Work Activities Element Name"
essential_skills_to_work_context.csv,39,4,"Essential Skills Element ID, Essential Skills Element Name, Work Context Element ID, Work Context Element Name"
gwas_to_iwas.csv,332,4,"GWA Element ID, GWA Element Name, IWA Element ID, IWA Element Name"
gwas_to_iwas_to_dwas.csv,2087,6,"GWA Element ID, GWA Element Name, IWA Element ID, IWA Element Name, DWA Element ID, DWA Element Name"
interests_illustrative_activities.csv,188,4,"Element ID, Element Name, Interest Type, Activity"
interests_illustrative_occupations.csv,186,5,"Element ID, Element Name, Interest Type, O*NET-SOC Code, Title"
job_titles.csv,54269,5,"O*NET-SOC Code, Title, Job Title, Short Title, Source(s)"
job_zone_reference.csv,4,7,"Job Zone, Name, Experience, Education, Job Training, Examples, SVP Range"
job_zones.csv,923,5,"O*NET-SOC Code, Title, Job Zone, Date, Domain Source"
knowledge.csv,60060,15,"O*NET-SOC Code, Title, Element ID, Element Name, Scale ID, Scale Name, Data Value, N, Standard Error, Lower CI Bound, Upper CI Bound, Recommend Suppress, Not Relevant, Date, Domain Source"
level_scale_anchors.csv,483,6,"Element ID, Element Name, Scale ID, Scale Name, Anchor Value, Anchor Description"
occupation_data.csv,1016,3,"O*NET-SOC Code, Title, Description"
occupation_level_metadata.csv,32280,7,"O*NET-SOC Code, Title, Item, Response, N, Percent, Date"
related_occupations.csv,18460,6,"O*NET-SOC Code, Title, Related O*NET-SOC Code, Related Title, Relatedness Tier, Index"
sample_of_reported_titles.csv,8189,4,"O*NET-SOC Code, Title, Reported Job Title, Shown in My Next Move"
scales_reference.csv,33,4,"Scale ID, Scale Name, Minimum, Maximum"
software_skills.csv,31821,7,"O*NET-SOC Code, Title, Workplace Example, Element ID, Element Name, Hot Technology, In Demand"
specific_interest_areas.csv,73062,9,"O*NET-SOC Code, Title, Element ID, Element Name, Scale ID, Scale Name, Data Value, Date, Domain Source"
specific_interest_areas_to_career_interest_types.csv,53,4,"Specific Interest Areas Element ID, Specific Interest Areas Element Name, Career Interest Types Element ID, Career Interest Types Element Name"
survey_booklet_locations.csv,211,5,"Element ID, Element Name, Survey Item Number, Scale ID, Scale Name"
task_categories.csv,7,4,"Scale ID, Scale Name, Category, Category Description"
task_ratings.csv,165780,15,"O*NET-SOC Code, Title, Task ID, Task, Scale ID, Scale Name, Category, Data Value, N, Standard Error, Lower CI Bound, Upper CI Bound, Recommend Suppress, Date, Domain Source"
task_statements.csv,18838,8,"O*NET-SOC Code, Title, Task ID, Task, Task Type, Incumbents Responding, Date, Domain Source"
tasks_to_dwas.csv,24087,8,"O*NET-SOC Code, Title, Task ID, Task, DWA Element ID, DWA Element Name, Date, Domain Source"
training_and_experience.csv,26812,15,"O*NET-SOC Code, Title, Element ID, Element Name, Scale ID, Scale Name, Category, Data Value, N, Standard Error, Lower CI Bound, Upper CI Bound, Recommend Suppress, Date, Domain Source"
training_and_experience_categories.csv,29,6,"Element ID, Element Name, Scale ID, Scale Name, Category, Category Description"
transferable_skills.csv,45500,15,"O*NET-SOC Code, Title, Element ID, Element Name, Scale ID, Scale Name, Data Value, N, Standard Error, Lower CI Bound, Upper CI Bound, Recommend Suppress, Not Relevant, Date, Domain Source"
transferable_skills_to_work_activities.csv,122,4,"Transferable Skills Element ID, Transferable Skills Element Name, Work Activities Element ID, Work Activities Element Name"
transferable_skills_to_work_context.csv,57,4,"Transferable Skills Element ID, Transferable Skills Element Name, Work Context Element ID, Work Context Element Name"
work_activities.csv,74702,15,"O*NET-SOC Code, Title, Element ID, Element Name, Scale ID, Scale Name, Data Value, N, Standard Error, Lower CI Bound, Upper CI Bound, Recommend Suppress, Not Relevant, Date, Domain Source"
work_context.csv,305389,16,"O*NET-SOC Code, Title, Element ID, Element Name, Scale ID, Scale Name, Category, Data Value, N, Standard Error, Lower CI Bound, Upper CI Bound, Recommend Suppress, Not Relevant, Date, Domain Source"
work_context_categories.csv,281,6,"Element ID, Element Name, Scale ID, Scale Name, Category, Category Description"
work_styles.csv,37422,9,"O*NET-SOC Code, Title, Element ID, Element Name, Scale ID, Scale Name, Data Value, Date, Domain Source"
work_styles_to_work_activities.csv,303,4,"Work Styles Element ID, Work Styles Element Name, Work Activities Element ID, Work Activities Element Name"
work_styles_to_work_context.csv,266,4,"Work Styles Element ID, Work Styles Element Name, Work Context Element ID, Work Context Element Name"
